PitchNo,Date,Time,Pitcher,PitcherId,PitcherThrows,PitcherTeam,PitcherSet,TaggedPitchType,PitchSession,Flag,RelSpeed,VertRelAngle,HorzRelAngle,SpinRate,SpinAxis,Tilt,RelHeight,RelSide,Extension,VertBreak,InducedVertBreak,HorzBreak,PlateLocHeight,PlateLocSide,ZoneSpeed,VertApprAngle,HorzApprAngle,ZoneTime,pfxx,pfxz,x0,y0,z0,vx0,vy0,vz0,ax0,ay0,az0,PitchUID,CalibrationId,EffVelocity,PracticeType,Device,Direction,BatterId,Batter,HitSpinRate,HitType,ExitSpeed,BatterSide,Angle,PositionAt110X,PositionAt110Y,PositionAt110Z,Distance,LastTrackedDistance,HangTime,Bearing,ContactPositionX,ContactPositionY,ContactPositionZ
1,10/13/2021,1:20:19 PM,"Sandy, Will",1000048802,Left,NOR_TAR2,,Undefined,Warmup,,81.47711,-1.93677,1.5143,1801.27792,146.0805,10:45,4.72944,-2.0324,3.8523,-26.79169,18.56502,-12.50982,0.62846,-1.61481,74.50214,-6.77061,-0.75678,0.48472,6.69902,9.85567,1.87056,50,4.47479,-2.62618,-118.13185,-5.05994,9.46791,22.46953,-18.24475,d2be0e23-cfef-4464-923f-f2864780ef92,b7959947-0476-4cd6-a540-95522e7e0494,77.76104,Pitch,21380013,,,,,,,,,,,,,,,,,,
2,10/13/2021,1:20:32 PM,"Sandy, Will",1000048802,Left,NOR_TAR2,,Undefined,Warmup,,81.48765,-2.67122,1.11128,1859.79926,156.20007,11:15,4.79131,-2.00315,4.00021,-24.99601,20.00419,-8.83945,0.13791,-1.67127,74.77999,-7.17899,-0.49527,0.48281,4.75449,10.80229,1.88653,50,4.46124,-1.94632,-118.16689,-6.49224,6.74384,21.84995,-16.85193,6a559582-13b7-4473-94c3-2ae46d37d544,b7959947-0476-4cd6-a540-95522e7e0494,78.06846,Pitch,21380013,,,,,,,,,,,,,,,,,,
3,10/13/2021,1:20:47 PM,"Sandy, Will",1000048802,Left,NOR_TAR2,,Undefined,Warmup,,80.66248,-1.2643,2.56286,1869.73844,155.12409,11:15,4.8277,-1.89684,4.17052,-25.72869,20.3069,-9.4336,1.47052,-0.22507,73.18049,-5.95707,0.83627,0.48834,5.55724,10.69962,1.62309,50,4.6618,-4.87732,-116.89853,-3.55091,7.63961,23.38031,-17.46514,73ddadec-ded3-491c-9abd-2f885ae593c8,b7959947-0476-4cd6-a540-95522e7e0494,77.18554,Pitch,21380013,,,,,,,,,,,,,,,,,,
4,10/13/2021,1:21:04 PM,"Sandy, Will",1000048802,Left,NOR_TAR2,,Undefined,Warmup,,76.03281,-0.00901,2.47089,1587.57047,134.09014,10:30,4.86395,-1.97138,4.26661,-38.53132,12.90798,-13.3689,1.64437,-0.72,69.36806,-7.0327,0.02315,0.5162,7.52436,6.58114,1.71562,50,4.82486,-4.28829,-110.27392,-1.37269,9.23439,20.21833,-24.09723,84db5687-12ed-425a-907a-19a40b86c531,b7959947-0476-4cd6-a540-95522e7e0494,73.0189,Pitch,21380013,,,,,,,,,,,,,,,,,,
5,10/13/2021,1:21:16 PM,"Sandy, Will",1000048802,Left,NOR_TAR2,,Undefined,Warmup,,75.76163,-1.38462,2.3164,1732.07111,127.33643,10:15,4.71256,-1.92072,4.33445,-39.54881,12.08928,-15.90502,0.09241,-1.0315,69.45217,-8.57096,-0.59795,0.5172,8.78121,6.56779,1.68676,50,4.52501,-3.89168,-109.88469,-4.03386,10.71344,19.86422,-24.16108,09bb0bb6-e56d-4fd4-aa11-a117dab64999,b7959947-0476-4cd6-a540-95522e7e0494,72.87822,Pitch,21380013,,,,,,,,,,,,,,,,,,
6,10/13/2021,1:21:36 PM,"Sandy, Will",1000048802,Left,NOR_TAR2,,Undefined,Warmup,,69.71643,0.89565,0.55655,1806.13691,295.13419,3:45,5.00853,-2.0306,3.55867,-64.62623,-1.40028,2.87226,0.49109,-1.25188,63.72063,-10.721,1.07846,0.57229,-1.25846,-0.97698,1.95976,50,5.04032,-1.08085,-100.989,-0.6677,-1.28468,18.21459,-33.17138,4174232b-05fa-4cfa-b7b4-ed5ec72c493c,b7959947-0476-4cd6-a540-95522e7e0494,65.86203,Pitch,21380013,,,,,,,,,,,,,,,,,,
7,10/13/2021,1:21:50 PM,"Sandy, Will",1000048802,Left,NOR_TAR2,,Undefined,Warmup,,68.89682,0.73592,1.16423,1796.95482,326.00008,4:45,5.00706,-1.96352,3.75273,,,,,,,,,,-1.20904,-2.63384,1.82284,50,5.01573,-2.13337,-99.75922,-1.03977,-1.19642,18.74826,-34.78038,34a72f9f-5e4b-4aaa-b546-504ad33f5b92,b7959947-0476-4cd6-a540-95522e7e0494,,Pitch,21380013,,,,,,,,,,,,,,,,,,
8,10/13/2021,1:22:02 PM,"Sandy, Will",1000048802,Left,NOR_TAR2,,Undefined,Warmup,,82.02765,-3.35425,3.41596,1847.38414,163.79239,11:30,4.63162,-2.01452,4.4667,,,,,,,,,,3.65107,10.34628,1.65945,50,4.25366,-6.89083,-118.79939,-7.91377,5.24804,21.52431,-17.30234,c66708c3-6bd7-46a1-aab8-b2187026d0b7,b7959947-0476-4cd6-a540-95522e7e0494,,Pitch,21380013,,,,,,,,,,,,,,,,,,
9,10/13/2021,1:22:35 PM,"Sandy, Will",1000048802,Left,NOR_TAR2,,Fastball,Live,,85.24291,-2.71384,4.07498,1833.12981,153.27787,11:00,4.63035,-1.97415,4.4725,-21.82387,18.71647,-9.43951,0.21653,1.1298,78.16819,-6.6838,2.35163,0.45826,5.91885,10.31046,1.55359,50,4.32346,-8.42862,-123.42167,-6.70707,9.16974,23.55719,-16.20063,b97a2ed3-ba3c-49a9-b16d-039071de0072,b7959947-0476-4cd6-a540-95522e7e0494,82.25061,Pitch,21380013,,,,,,,,,,,,,,,,,,
10,10/13/2021,1:22:49 PM,"Sandy, Will",1000048802,Left,NOR_TAR2,,Fastball,Live,,85.54062,-1.72011,2.33029,1919.318,148.20109,11:00,4.62848,-2.14929,4.29051,-21.08251,19.26396,-11.96455,1.22478,-0.91661,78.37316,-5.55374,0.14714,0.45717,6.70907,10.26284,1.90843,50,4.42101,-4.57554,-124.11281,-4.56739,10.51058,23.82496,-16.09605,bd7458df-cd47-4713-a392-63e33e5074f8,b7959947-0476-4cd6-a540-95522e7e0494,82.44798,Pitch,21380013,,,,,,,,,,,,,,,,,,
11,10/13/2021,1:23:48 PM,"Sandy, Will",1000048802,Left,NOR_TAR2,,Fastball,Live,,86.30006,-1.35183,1.23021,1603.38257,149.13566,11:00,4.58128,-2.02732,4.34957,-24.50407,14.98877,-8.97763,1.24735,-1.60007,79.16791,-5.8109,-0.41045,0.4523,4.9062,8.00479,1.90396,50,4.41229,-2.33396,-125.32136,-3.93316,7.83596,24.31039,-19.38917,9343b094-8497-4ec5-b7e9-9ab02388a7ec,b7959947-0476-4cd6-a540-95522e7e0494,83.33428,Pitch,21380013,,,,,,,,,,,,,,,,,,
12,10/13/2021,1:24:03 PM,"Sandy, Will",1000048802,Left,NOR_TAR2,,Fastball,Live,,85.44738,-2.18734,1.87652,1726.81483,151.90148,11:00,4.65924,-1.98955,4.27243,-22.52817,17.91673,-9.58409,0.68727,-0.99244,78.42201,-6.27525,0.1283,0.45772,5.37071,9.69154,1.79504,50,4.39885,-3.68085,-123.9808,-5.63388,8.39971,23.67112,-17.01663,860401c1-cbbd-48d8-9a2c-ca0e4c775a5d,b7959947-0476-4cd6-a540-95522e7e0494,82.3476,Pitch,21380013,,,,,,,,,,,,,,,,,,
13,10/13/2021,1:24:17 PM,"Sandy, Will",1000048802,Left,NOR_TAR2,,ChangeUp,Live,,79.31287,-0.8966,1.21341,1708.02703,126.33785,10:15,4.50954,-2.11718,4.43481,-35.44103,11.04426,-15.06688,0.7007,-2.21523,73.20139,-7.33311,-1.54051,0.49071,8.01692,5.87842,2.00303,50,4.38093,-1.89442,-115.23441,-3.08904,10.85302,20.05193,-24.21606,4985bc28-c5bb-4051-9543-b91c5c5696e8,b7959947-0476-4cd6-a540-95522e7e0494,76.81129,Pitch,21380013,,,,,,,,,,,,,,,,,,
14,10/13/2021,1:24:33 PM,"Sandy, Will",1000048802,Left,NOR_TAR2,,Fastball,Live,,86.25618,-1.72443,1.48974,1842.64587,151.36905,11:00,4.61466,-1.84758,4.43903,-21.75473,17.56626,-9.60768,1.15609,-1.2271,79.30788,-5.68361,-0.26624,0.45132,5.29642,9.42634,1.69907,50,4.41148,-2.87925,-125.27079,-4.63004,8.47589,23.62822,-17.08902,2dfef4d8-fb24-4a9d-95db-7d5305f00d0a,b7959947-0476-4cd6-a540-95522e7e0494,83.51618,Pitch,21380013,,,,,,,,,,,,,,,,,,
15,10/13/2021,1:24:52 PM,"Sandy, Will",1000048802,Left,NOR_TAR2,,Fastball,Live,,87.5829,-2.96232,2.58197,1979.70791,154.08665,11:15,4.65261,-2.02828,4.40287,-18.76831,19.90363,-9.68611,0.25609,-0.36967,79.72065,-6.38721,0.80499,0.44758,5.70191,11.04423,1.76255,50,4.31892,-5.33601,-126.87442,-7.31884,9.26426,26.7364,-14.22978,b895b9bb-7918-44f6-b4f2-406022fe5093,b7959947-0476-4cd6-a540-95522e7e0494,84.21411,Pitch,21380013,,,,,,,,,,,,,,,,,,
16,10/13/2021,1:26:38 PM,"Sandy, Will",1000048802,Left,NOR_TAR2,,Curveball,Live,,72.73035,1.02087,1.14721,1830.98309,267.9216,3:00,4.81014,-2.04801,3.41028,-57.96631,0.07462,3.38981,0.97188,-0.65065,66.66821,-9.3587,1.759,0.54833,-1.34513,-0.25908,1.90183,50,4.86464,-2.23611,-105.38867,-0.2706,-1.50658,18.60164,-32.46422,36c37b2e-43fb-426d-a219-a1a31f55a22e,b7959947-0476-4cd6-a540-95522e7e0494,68.74097,Pitch,21380013,,,,,,,,,,,,,,,,,,
17,10/13/2021,1:26:58 PM,"Sandy, Will",1000048802,Left,NOR_TAR2,,Fastball,Live,,87.49982,-1.56637,3.16634,2080.21734,146.87592,11:00,4.59633,-2.14827,4.51105,-20.91409,17.20677,-11.24803,1.35892,-0.0667,80.49858,-5.37646,1.11272,0.44438,6.56104,9.21066,1.82743,50,4.41285,-6.57822,-126.97245,-4.30631,10.80871,23.77761,-17.00032,c1740802-f89f-4110-80bf-27b0abbf9772,b7959947-0476-4cd6-a540-95522e7e0494,84.82063,Pitch,21380013,,,,,,,,,,,,,,,,,,
18,10/13/2021,1:27:22 PM,"Sandy, Will",1000048802,Left,NOR_TAR2,,Curveball,Live,,80.28025,-0.68852,2.45268,2007.78898,227.14295,1:30,4.43693,-2.2976,3.99627,-40.83553,5.67366,6.15656,0.37135,0.57502,73.70933,-8.05636,3.57071,0.49084,-2.41908,3.05549,2.01244,50,4.31506,-5.22277,-116.40538,-2.97025,-3.31688,21.99432,-27.98458,496dcc8b-22e2-4825-a19b-d97f17fffca3,b7959947-0476-4cd6-a540-95522e7e0494,76.79155,Pitch,21380013,,,,,,,,,,,,,,,,,,
19,10/13/2021,1:27:49 PM,"Sandy, Will",1000048802,Left,NOR_TAR2,,Curveball,Live,,72.15363,0.44986,1.27297,1863.79793,323.92793,4:45,4.72951,-2.07318,3.5705,,,,,,,,,,-1.68147,-2.96906,1.91429,50,4.70733,-2.4731,-104.58981,-1.50432,-1.85501,18.30696,-35.44953,531c120c-2921-4156-b2fb-229c081a6584,b7959947-0476-4cd6-a540-95522e7e0494,,Pitch,21380013,,,,,,,,,,,,,,,,,,
20,10/13/2021,1:28:11 PM,"Sandy, Will",1000048802,Left,NOR_TAR2,,Cutter,Live,,79.4309,-1.51344,1.75152,1951.74544,245.47973,2:15,4.48997,-2.3171,3.97825,,,,,,,,,,-2.73985,1.86819,2.1108,50,4.26965,-3.76707,-115.20611,-4.74734,-3.6849,21.26022,-29.66146,a0b24a06-d485-4742-8570-383d43419826,b7959947-0476-4cd6-a540-95522e7e0494,,Pitch,21380013,,,,,,,,,,,,,,,,,,
21,10/13/2021,1:28:37 PM,"Sandy, Will",1000048802,Left,NOR_TAR2,,Curveball,Live,,73.15618,-0.11812,1.71851,1857.33527,332.56385,5:00,4.67482,-2.20584,3.70797,,,,,,,,,,-0.82623,-2.52464,1.99902,50,4.58968,-3.27749,-106.06592,-2.4528,-0.93896,18.5477,-35.04316,fe2e15bd-730c-455d-9b35-4ad42b03be1a,b7959947-0476-4cd6-a540-95522e7e0494,,Pitch,21380013,,,,,,,,,,,,,,,,,,
22,10/13/2021,1:29:00 PM,"Sandy, Will",1000048802,Left,NOR_TAR2,,Cutter,Live,,78.59527,1.26917,1.50882,1961.37191,260.8161,2:45,4.3668,-2.35862,3.98846,-47.76958,1.22791,7.8475,1.60704,-0.25346,71.2678,-7.42571,2.94356,0.5038,-3.49927,0.22495,2.17878,50,4.46043,-3.29268,-113.88534,0.74082,-4.54174,23.20778,-31.88209,6898d30e-a2a6-4203-b63f-d4e763e847a3,b7959947-0476-4cd6-a540-95522e7e0494,74.81625,Pitch,21380013,,,,,,,,,,,,,,,,,,
23,10/13/2021,1:29:23 PM,"Sandy, Will",1000048802,Left,NOR_TAR2,,Fastball,Live,,88.50565,-2.65119,3.90717,2138.19663,149.56839,11:00,4.52738,-2.15055,4.56816,-18.56932,18.83304,-11.0816,0.44972,0.6493,81.1752,-6.03796,1.88091,0.44017,6.71645,10.3714,1.75552,50,4.23512,-8.31774,-128.21306,-6.68646,11.24483,25.07043,-14.81001,829a5c2c-889a-4d04-a840-6febc489ee94,b7959947-0476-4cd6-a540-95522e7e0494,85.63146,Pitch,21380013,,,,,,,,,,,,,,,,,,
24,10/13/2021,1:29:51 PM,"Sandy, Will",1000048802,Left,NOR_TAR2,,Cutter,Live,,81.36214,-1.96205,1.93261,2007.41988,232.28211,1:45,4.4709,-2.28215,3.99389,,,,,,,,,,-2.19591,2.63583,2.05682,50,4.2039,-4.19181,-117.96753,-5.64697,-3.09592,22.33813,-28.45789,123bf6ed-4af1-4348-9645-63db79c77912,b7959947-0476-4cd6-a540-95522e7e0494,,Pitch,21380013,,,,,,,,,,,,,,,,,,
25,10/13/2021,1:30:15 PM,"Sandy, Will",1000048802,Left,NOR_TAR2,,Cutter,Live,,81.85318,-2.66383,2.00024,2093.33861,201.44321,12:45,4.40461,-2.29105,4.2695,,,,,,,,,,-1.3903,5.61391,2.06969,50,4.08021,-4.2896,-118.69375,-6.84063,-1.98911,22.10227,-24.14218,7a57af69-4864-4fdc-b44d-2a1a1308843f,b7959947-0476-4cd6-a540-95522e7e0494,,Pitch,21380013,,,,,,,,,,,,,,,,,,
26,10/13/2021,1:30:54 PM,"Sandy, Will",1000048802,Left,NOR_TAR2,,Fastball,Live,,87.37162,-2.65039,2.76463,1956.70232,158.36044,11:15,4.52493,-2.21646,4.62984,-18.8377,19.20804,-7.63296,0.43148,-0.22301,80.56277,-6.08042,1.36871,0.44394,4.6136,10.53908,1.93986,50,4.23595,-5.82447,-126.77883,-6.61005,7.58604,23.42318,-14.84489,73fe52e3-b10e-4178-bf46-de9508c2b9fd,b7959947-0476-4cd6-a540-95522e7e0494,84.90433,Pitch,21380013,,,,,,,,,,,,,,,,,,
27,10/13/2021,1:31:15 PM,"Sandy, Will",1000048802,Left,NOR_TAR2,,Fastball,Live,,88.41963,-1.90657,2.66679,2067.60659,162.94274,11:30,4.64098,-2.10702,4.51395,-18.31515,19.23027,-5.90994,1.29623,-0.05779,80.82764,-5.2533,1.58386,0.44101,3.75908,10.39025,1.83367,50,4.42457,-5.73892,-128.26207,-5.0033,6.27541,25.99884,-14.82853,4b81b197-352b-4be2-b2f6-6d66fad7f460,b7959947-0476-4cd6-a540-95522e7e0494,85.46816,Pitch,21380013,,,,,,,,,,,,,,,,,,
28,10/13/2021,1:31:39 PM,"Sandy, Will",1000048802,Left,NOR_TAR2,,ChangeUp,Live,,81.08834,-1.37926,2.0164,1599.88228,121.65569,10:00,4.39971,-2.13651,4.80686,-35.5788,8.37197,-13.63833,0.12717,-1.36211,74.81069,-7.88166,-0.49419,0.47715,7.59686,4.70069,1.94763,50,4.23239,-3.66695,-117.79871,-4.09135,10.73208,21.2505,-25.5334,ca6ef88d-bc79-4dc4-87dc-6635fd321778,b7959947-0476-4cd6-a540-95522e7e0494,78.995,Pitch,21380013,,,,,,,,,,,,,,,,,,
29,10/13/2021,1:32:20 PM,"Sandy, Will",1000048802,Left,NOR_TAR2,,Curveball,Live,,74.80858,-0.27476,1.7548,1911.1054,310.92898,4:15,4.67677,-2.11388,3.51371,,,,,,,,,,-0.61454,-0.96204,1.897,50,4.5746,-3.40582,-108.2695,-2.66094,-0.71753,21.78732,-33.29732,907bdc5b-e112-4050-baf5-4869407a23df,b7959947-0476-4cd6-a540-95522e7e0494,,Pitch,21380013,,,,,,,,,,,,,,,,,,
30,10/13/2021,1:32:38 PM,"Sandy, Will",1000048802,Left,NOR_TAR2,,Curveball,Live,,74.4397,0.49581,1.35091,1892.04876,322.37271,4:45,4.71228,-2.1093,3.95154,-59.45893,-5.04872,3.85691,0.23461,-0.48776,68.32379,-10.23936,2.05424,0.5309,-1.54452,-2.69487,1.95072,50,4.70498,-2.68305,-107.93961,-1.18687,-1.81007,19.95649,-35.33223,d1f70e23-abec-4a58-b658-6df89aa1b889,b7959947-0476-4cd6-a540-95522e7e0494,70.99744,Pitch,21380013,,,,,,,,,,,,,,,,,,
31,10/13/2021,1:32:59 PM,"Sandy, Will",1000048802,Left,NOR_TAR2,,Cutter,Live,,81.93249,-2.05667,2.11741,2065.48998,190.69195,12:15,4.4305,-2.18682,4.25084,,,,,,,,,,-0.39234,6.09379,1.95376,50,4.17244,-4.46607,-118.71889,-5.54575,-0.55494,24.62385,-23.55481,1829ecc7-cb2e-4037-a7d0-f5fdc5d2907a,b7959947-0476-4cd6-a540-95522e7e0494,,Pitch,21380013,,,,,,,,,,,,,,,,,,
32,10/13/2021,1:33:23 PM,"Sandy, Will",1000048802,Left,NOR_TAR2,,Fastball,Live,,88.87938,-1.60722,2.53053,2175.55626,146.64017,11:00,4.65374,-2.16613,4.40397,-19.7183,17.55147,-11.57591,1.47483,-0.71425,81.27595,-5.20469,0.41288,0.43939,6.6013,9.40732,1.90778,50,4.46369,-5.22872,-128.94987,-4.4226,11.14666,26.09962,-16.28927,be5d2f2e-5dbd-42b8-b4bd-9ba910ccca79,b7959947-0476-4cd6-a540-95522e7e0494,85.78364,Pitch,21380013,,,,,,,,,,,,,,,,,,
33,10/13/2021,1:40:51 PM,"Rapp, Shawn",1000074312,Left,NOR_TAR2,,Fastball,Live,,86.0829,-1.27224,4.56835,1772.29015,97.39036,9:15,3.72932,-2.99911,4.18868,,,,,,,,,,9.00021,1.35804,2.50986,50,3.5497,-9.34809,-124.4549,-4.31946,13.98656,27.11801,-30.06363,41597b17-9c97-4235-b8cf-3d4332a8e0c4,e0c025a7-04ef-4d50-b7e8-71219c8b771c,,Pitch,21380013,,,,,,,,,,,,,,,,,,
34,10/13/2021,1:41:24 PM,"Rapp, Shawn",1000074312,Left,NOR_TAR2,,Fastball,Live,,86.19262,-0.05426,3.71249,1815.22531,95.67023,9:15,3.77919,-3.13462,4.18225,-38.29384,1.67364,-17.19211,0.53594,-1.00499,79.11556,-6.99735,0.58473,0.45501,9.70491,0.86314,2.74221,50,3.73416,-7.4101,-124.93543,-1.66987,15.40617,24.14123,-30.80385,f5a7bce0-7bc2-4420-9d0a-0983e74a52c4,e0c025a7-04ef-4d50-b7e8-71219c8b771c,82.83797,Pitch,21380013,,,,,,,,,,,,,,,,,,
35,10/13/2021,1:41:44 PM,"Rapp, Shawn",1000074312,Left,NOR_TAR2,,Fastball,Live,,86.15639,-0.37563,4.62658,2037.54294,103.23094,9:30,3.78506,-3.05585,4.39262,-35.59445,4.43258,-18.99464,0.45913,-0.21289,78.48774,-6.87501,1.15038,0.45535,11.04304,2.37594,2.57974,50,3.71092,-9.34709,-124.69763,-2.21451,17.34445,25.65841,-28.44234,449d8265-ed92-46a0-9ec3-6183a1fdeb8f,e0c025a7-04ef-4d50-b7e8-71219c8b771c,82.77633,Pitch,21380013,,,,,,,,,,,,,,,,,,
36,10/13/2021,1:42:05 PM,"Rapp, Shawn",1000074312,Left,NOR_TAR2,,Fastball,Live,,86.6782,,,1971.1788,,,3.85675,-3.22645,4.49492,,,,1.55057,1.8458,78.51696,,,0.45427,17.47827,0.97423,2.42365,50,3.9118,-16.09347,-124.70323,0.41453,27.49623,25.30306,-30.64142,5f4cb962-0974-4201-b89f-c0ab584ff14d,e0c025a7-04ef-4d50-b7e8-71219c8b771c,82.97456,Pitch,21380013,,,,,,,,,,,,,,,,,,
37,10/13/2021,1:42:37 PM,"Rapp, Shawn",1000074312,Left,NOR_TAR2,,ChangeUp,Live,,81.44028,-0.88554,4.76336,1648.99044,106.1513,9:30,3.63841,-3.33144,4.67417,,,,,,,,,,10.34152,2.84527,2.86152,50,3.51363,-9.19786,-117.9635,-3.22989,14.63971,21.46359,-28.14621,c3b62a49-3f59-462d-91a2-bf9cb6097177,e0c025a7-04ef-4d50-b7e8-71219c8b771c,,Pitch,21380013,,,,,,,,,,,,,,,,,,
38,10/13/2021,1:42:57 PM,"Rapp, Shawn",1000074312,Left,NOR_TAR2,,Fastball,Live,,86.68552,-0.41738,3.77762,1973.53494,109.86651,9:45,3.81412,-3.0678,4.25043,-32.75945,6.75054,-18.77353,0.68385,-1.01177,79.27521,-6.37609,0.35363,0.4524,10.58023,3.54767,2.67389,50,3.7358,-7.53764,-125.6213,-2.23777,16.9385,25.00038,-26.49438,802c7b7a-0c94-45fd-a9cf-d1310e2a51a4,e0c025a7-04ef-4d50-b7e8-71219c8b771c,83.31618,Pitch,21380013,,,,,,,,,,,,,,,,,,
39,10/13/2021,1:43:27 PM,"Rapp, Shawn",1000074312,Left,NOR_TAR2,,Slider,Live,,76.99045,1.11665,2.42253,2180.45128,237.97979,2:00,3.76224,-3.6329,3.64994,-40.32707,10.98088,17.62765,1.4831,0.18125,70.45529,-6.13432,5.5993,0.51554,-8.10315,5.15908,3.32249,50,3.84872,-5.3942,-111.54778,0.63192,-10.1886,20.45315,-25.68721,e44dd93a-dc28-4f18-b470-e4949ebcc93a,e0c025a7-04ef-4d50-b7e8-71219c8b771c,73.11231,Pitch,21380013,,,,,,,,,,,,,,,,,,
40,10/13/2021,1:43:48 PM,"Rapp, Shawn",1000074312,Left,NOR_TAR2,,Slider,Live,,78.37874,0.2865,3.9137,2317.88202,240.31721,2:00,3.6935,-3.71282,3.75462,-42.30979,7.44139,13.128,0.445,1.16641,71.43501,-7.33311,6.28525,0.50766,-5.39252,3.64446,3.23649,50,3.67943,-8.25744,-113.35777,-1.05053,-6.95409,22.4484,-27.47422,0fc325ba-c047-4696-8cea-0805d30ef91c,e0c025a7-04ef-4d50-b7e8-71219c8b771c,74.24738,Pitch,21380013,,,,,,,,,,,,,,,,,,
41,10/13/2021,1:44:11 PM,"Rapp, Shawn",1000074312,Left,NOR_TAR2,,Fastball,Live,,85.28984,0.27316,3.72529,1906.03418,103.96736,9:30,3.80569,-3.64148,4.31478,-36.17458,4.47346,-18.12206,1.05281,-1.58566,78.1237,-6.31075,0.41903,0.45887,10.23402,2.20621,3.25654,50,3.79975,-7.33598,-123.63863,-0.83488,15.89669,23.84537,-28.74711,07e007b6-3c71-42c2-92ff-36707f2d234f,e0c025a7-04ef-4d50-b7e8-71219c8b771c,82.14158,Pitch,21380013,,,,,,,,,,,,,,,,,,
42,10/13/2021,1:44:36 PM,"Rapp, Shawn",1000074312,Left,NOR_TAR2,,Fastball,Live,,85.90773,0.25819,4.21686,1878.65117,95.71362,9:15,3.77628,-3.48626,4.15957,-38.77383,1.61103,-16.43846,0.7933,-0.80654,78.64221,-6.77725,1.22714,0.45738,9.47682,0.74665,3.03561,50,3.76522,-8.50953,-124.41973,-1.00422,14.89304,24.36888,-31.00067,7bd6c499-0e63-44db-866c-6c312eca42ea,e0c025a7-04ef-4d50-b7e8-71219c8b771c,82.4088,Pitch,21380013,,,,,,,,,,,,,,,,,,
43,10/13/2021,1:45:04 PM,"Rapp, Shawn",1000074312,Left,NOR_TAR2,,Slider,Live,,77.03908,1.49638,2.32096,2121.84623,243.70356,2:00,3.8275,-3.66882,3.86705,-43.7423,6.86936,13.98663,1.62589,-0.26532,70.79302,-6.38686,4.84767,0.51203,-6.39111,3.04233,3.38447,50,3.95239,-5.05254,-111.70054,1.2776,-8.09638,19.61442,-28.31997,fab17b5e-a147-4a21-be49-2577d9c08ef5,e0c025a7-04ef-4d50-b7e8-71219c8b771c,73.61351,Pitch,21380013,,,,,,,,,,,,,,,,,,
44,10/13/2021,1:45:29 PM,"Rapp, Shawn",1000074312,Left,NOR_TAR2,,Fastball,Live,,85.42324,0.18351,4.07389,2025.61928,108.74194,9:30,3.86047,-3.6041,4.39919,-34.61206,5.6841,-16.85164,1.15172,-1.11365,78.46544,-6.11488,1.00212,0.45688,9.65721,2.85485,3.18576,50,3.84683,-8.16014,-123.83654,-0.95763,15.10118,23.11288,-27.70986,523023fd-e57a-49f1-9489-7ed732db1468,e0c025a7-04ef-4d50-b7e8-71219c8b771c,82.49945,Pitch,21380013,,,,,,,,,,,,,,,,,,
45,10/13/2021,1:45:53 PM,"Rapp, Shawn",1000074312,Left,NOR_TAR2,,Slider,Live,,78.70747,0.69567,3.27791,,,,3.79239,-3.54334,3.67874,-38.70497,10.66531,16.79866,1.24082,1.02972,71.68494,-6.27551,6.3096,0.50571,-7.41236,5.12334,3.13326,50,3.83064,-7.17527,-113.90204,-0.11644,-9.66035,22.474,-25.49693,7f000a3e-1047-41c6-9ca7-4993d326ce1b,e0c025a7-04ef-4d50-b7e8-71219c8b771c,74.53325,Pitch,21380013,,,,,,,,,,,,,,,,,,
46,10/13/2021,1:46:13 PM,"Rapp, Shawn",1000074312,Left,NOR_TAR2,,Slider,Live,,76.80815,0.35905,1.55982,2322.68625,247.82419,2:15,3.72533,-3.67767,3.67023,-43.69677,7.78356,19.20131,0.43132,-0.56863,70.41678,-7.49044,5.02822,0.51641,-9.13837,3.78262,3.46937,50,3.71735,-3.76418,-111.35527,-0.96752,-11.44115,20.53692,-27.43824,70849838-9047-4923-80e2-7b6d0575853b,e0c025a7-04ef-4d50-b7e8-71219c8b771c,72.9898,Pitch,21380013,,,,,,,,,,,,,,,,,,
47,10/13/2021,1:47:12 PM,"Rapp, Shawn",1000074312,Left,NOR_TAR2,,Slider,Live,,78.56663,0.40972,4.40544,2215.97395,247.35472,2:15,3.77147,-3.5617,3.89756,-42.79448,6.61131,15.94603,0.60106,2.01872,71.57613,-7.31036,7.28885,0.50589,-6.6724,3.20634,3.03569,50,3.77226,-9.34917,-113.56162,-0.79638,-8.61723,22.93768,-28.03314,7aebf2d4-f421-4896-b972-66c6d1915d04,e0c025a7-04ef-4d50-b7e8-71219c8b771c,74.50645,Pitch,21380013,,,,,,,,,,,,,,,,,,
48,10/13/2021,1:47:31 PM,"Rapp, Shawn",1000074312,Left,NOR_TAR2,,Fastball,Live,,85.00997,0.45174,5.72883,1961.59585,93.06718,9:00,3.72142,-3.42614,4.17222,-40.53694,0.93656,-18.12415,0.77846,0.57228,77.59821,-6.90447,2.43868,0.46351,10.77748,0.35028,2.8098,50,3.73024,-11.60059,-122.81894,-0.63887,16.47824,24.10247,-31.63848,3ab3fd19-7c9b-416d-96ec-a3fd8f3d68af,e0c025a7-04ef-4d50-b7e8-71219c8b771c,81.32003,Pitch,21380013,,,,,,,,,,,,,,,,,,
49,10/13/2021,1:48:05 PM,"Rapp, Shawn",1000074312,Left,NOR_TAR2,,Slider,Live,,76.94782,0.84325,1.47744,2176.07816,261.7036,2:45,3.67256,-3.70416,3.66113,-49.06048,2.12283,14.85044,0.40019,-1.03718,70.72598,-7.96354,4.15838,0.51492,-6.99392,0.82385,3.51043,50,3.71596,-3.44694,-111.58208,-0.23697,-8.8168,20.09343,-31.13547,26afa13f-0f10-43df-8b0d-e0ac2d97478e,e0c025a7-04ef-4d50-b7e8-71219c8b771c,73.20127,Pitch,21380013,,,,,,,,,,,,,,,,,,
50,10/13/2021,1:48:24 PM,"Rapp, Shawn",1000074312,Left,NOR_TAR2,,Fastball,Live,,86.05787,-0.15701,5.84124,2090.11526,114.10547,9:45,3.82247,-3.3296,4.22624,-31.71488,8.18688,-18.37174,1.02845,0.75149,79.42217,-5.88586,2.52643,0.45464,10.69065,4.18385,2.70643,50,3.77298,-11.99137,-124.48013,-1.62618,17.01964,21.56264,-25.51331,a1494353-8cda-4207-9df1-c1e597572634,e0c025a7-04ef-4d50-b7e8-71219c8b771c,82.90616,Pitch,21380013,,,,,,,,,,,,,,,,,,
51,10/13/2021,1:48:47 PM,"Rapp, Shawn",1000074312,Left,NOR_TAR2,,ChangeUp,Live,,81.10449,-0.46213,3.14377,1706.62842,114.59809,9:45,3.53207,-3.4956,4.28961,-36.61307,8.32852,-18.27459,0.03835,-2.00898,74.45198,-7.11351,-0.19098,0.4825,10.14719,4.36426,3.17256,50,3.44572,-5.7737,-117.63605,-2.32743,14.26852,21.58603,-26.03722,4dc16e15-49f4-491e-9d26-f63ea46be09b,e0c025a7-04ef-4d50-b7e8-71219c8b771c,78.11935,Pitch,21380013,,,,,,,,,,,,,,,,,,
52,10/13/2021,1:49:08 PM,"Rapp, Shawn",1000074312,Left,NOR_TAR2,,Fastball,Live,,85.46154,1.2007,3.83261,2073.85832,105.94297,9:30,3.74232,-3.43336,4.1403,-35.7457,4.84236,-17.06953,1.91766,-1.1751,78.4833,-5.27629,0.73663,0.45853,9.60502,2.14444,3.02498,50,3.83892,-7.60706,-123.87391,1.15415,15.05394,22.73372,-28.81307,cd8273f5-9484-4664-bf08-89d0378dddda,e0c025a7-04ef-4d50-b7e8-71219c8b771c,82.20225,Pitch,21380013,,,,,,,,,,,,,,,,,,
53,10/13/2021,1:49:28 PM,"Rapp, Shawn",1000074312,Left,NOR_TAR2,,Slider,Live,,78.47395,0.04569,2.53525,2221.69691,233.73393,1:45,3.69747,-3.58556,3.61635,-39.89434,9.32324,12.76373,0.41722,-0.06599,72.20736,-7.09716,4.83054,0.50493,-5.66475,4.62572,3.26566,50,3.65573,-5.53914,-113.7589,-1.47884,-7.44382,20.32556,-26.09557,bafb0945-31b6-436c-a6a9-1fa99f3eb3b1,e0c025a7-04ef-4d50-b7e8-71219c8b771c,74.64878,Pitch,21380013,,,,,,,,,,,,,,,,,,
54,10/13/2021,1:50:59 PM,"Rapp, Shawn",1000074312,Left,NOR_TAR2,,Fastball,Live,,85.456,,,1903.64658,,,3.79403,-3.42258,4.16634,,,,0.19601,-1.20746,77.16195,,,0.46269,8.62457,3.84298,3.04053,50,3.67375,-7.16668,-123.67264,-3.0317,13.18674,27.60663,-26.29823,2b687f64-5cb3-42f2-a25c-9b657a3d5086,e0c025a7-04ef-4d50-b7e8-71219c8b771c,81.46451,Pitch,21380013,,,,,,,,,,,,,,,,,,
55,10/13/2021,1:51:17 PM,"Rapp, Shawn",1000074312,Left,NOR_TAR2,,Fastball,Live,,84.29212,,,1882.83349,,,3.83794,-3.46651,4.30319,,,,2.55991,-0.50682,76.74619,,,0.46566,10.26295,1.91585,2.98273,50,4.00649,-9.1769,-121.96046,2.59316,15.47714,23.7059,-29.28484,6a12fc5f-a33f-44fd-9de1-59559a3714c1,e0c025a7-04ef-4d50-b7e8-71219c8b771c,80.944,Pitch,21380013,,,,,,,,,,,,,,,,,,
56,10/13/2021,1:51:38 PM,"Rapp, Shawn",1000074312,Left,NOR_TAR2,,ChangeUp,Live,,80.47213,,,1615.04363,,,3.5567,-3.63518,4.24271,,,,0.68977,-1.9651,73.50241,,,0.48769,7.70709,2.59528,3.32951,50,3.57445,-5.44583,-116.68177,-0.43041,10.61145,22.21917,-28.60075,dbbd6cf4-05a1-4934-95dd-36a93118c1b2,e0c025a7-04ef-4d50-b7e8-71219c8b771c,77.28734,Pitch,21380013,,,,,,,,,,,,,,,,,,
57,10/13/2021,1:52:01 PM,"Rapp, Shawn",1000074312,Left,NOR_TAR2,,Slider,Live,,78.59295,,,2226.90193,,,3.60691,-3.75283,3.62606,,,,1.03608,0.53725,70.21103,,,0.51154,-7.72973,4.55093,3.38167,50,3.663,-6.4677,-113.53285,0.13912,-9.80833,26.17226,-26.39933,18439cba-2bc3-4b35-9e8c-f3d72f39e834,e0c025a7-04ef-4d50-b7e8-71219c8b771c,73.68431,Pitch,21380013,,,,,,,,,,,,,,,,,,
58,10/13/2021,1:52:19 PM,"Rapp, Shawn",1000074312,Left,NOR_TAR2,,Fastball,Live,,85.49268,,,1757.2728,,,3.75466,-3.3896,4.10297,,,,1.21192,0.51442,77.34103,,,0.46328,10.43169,-0.55134,2.7858,50,3.82212,-11.30222,-123.424,0.4577,15.96549,26.35988,-33.01786,5cba9c26-ed7f-4012-98d8-f68e3dd8665f,e0c025a7-04ef-4d50-b7e8-71219c8b771c,81.36026,Pitch,21380013,,,,,,,,,,,,,,,,,,
59,10/13/2021,1:59:06 PM,"Rapp, Shawn",1000074312,Left,NOR_TAR2,,Undefined,Live,,88.03522,,,1805.21579,,,4.23451,-1.80556,4.49701,,,,3.39759,-1.58535,79.67967,,,0.44422,6.76316,8.52152,1.67917,50,4.3153,-2.44399,-127.76445,1.3033,11.10993,27.84561,-18.17563,16ae5345-66a1-4037-9d88-8857522760f8,6ca0cf44-17ff-4d75-84e1-cc53aca4359c,84.85089,Pitch,21380013,,,,,,,,,,,,,,,,,,
60,10/13/2021,2:00:16 PM,"James, Nick",1000074309,Left,NOR_TAR2,,Fastball,Live,,86.58258,-0.19209,2.2102,1745.93128,135.18029,10:30,4.21441,-1.99036,4.53772,-23.72506,15.59132,-15.52612,2.05432,-1.17905,78.55191,-4.55386,-0.64949,0.45129,8.64067,8.08215,1.77441,50,4.17276,-4.24867,-125.63109,-1.33831,13.73647,26.71038,-19.32548,a446a4ca-b5c6-4ab9-bfc4-08adb629af6c,6ca0cf44-17ff-4d75-84e1-cc53aca4359c,83.52107,Pitch,21380013,,,,,,,,,,,,,,,,,,
61,10/13/2021,2:00:31 PM,"James, Nick",1000074309,Left,NOR_TAR2,,Fastball,Live,,86.66966,-1.88742,2.63569,1737.39196,157.47797,11:15,4.12412,-1.7667,4.45087,-16.46841,22.8243,-9.47804,0.94952,-0.04158,78.89588,-4.90132,0.89719,0.45116,5.60233,12.2338,1.49713,50,3.9091,-5.41367,-125.67665,-4.79176,8.94813,25.79021,-12.63405,8fe16704-5a4f-4c64-9e9a-1c9d40843fdc,6ca0cf44-17ff-4d75-84e1-cc53aca4359c,83.54623,Pitch,21380013,,,,,,,,,,,,,,,,,,
62,10/13/2021,2:00:49 PM,"James, Nick",1000074309,Left,NOR_TAR2,,Fastball,Live,,86.92345,-0.38394,2.39606,1639.40247,131.81601,10:30,4.12393,-1.68761,4.52444,-23.8962,15.14021,-16.96031,1.76665,-0.81803,78.88138,-4.77464,-0.7267,0.44968,9.42856,7.90233,1.45311,50,4.06196,-4.61763,-126.10543,-1.77439,15.10392,26.88882,-19.51505,65950614-d185-4de4-9119-2ba6c06e743c,6ca0cf44-17ff-4d75-84e1-cc53aca4359c,83.82004,Pitch,21380013,,,,,,,,,,,,,,,,,,
63,10/13/2021,2:01:07 PM,"James, Nick",1000074309,Left,NOR_TAR2,,Slider,Live,,79.68928,-1.49388,2.28323,1916.95956,181.58377,12:00,4.07399,-1.91577,4.83135,-30.49249,15.00472,0.4159,0.11699,0.28197,73.40934,-7.07152,2.35974,0.48547,0.38592,8.17644,1.68941,50,3.9004,-4.62909,-115.74168,-4.07236,0.52617,20.57314,-21.02628,6e76efa9-0cbb-46e3-8775-3ed47ea05346,6ca0cf44-17ff-4d75-84e1-cc53aca4359c,77.64088,Pitch,21380013,,,,,,,,,,,,,,,,,,
64,10/13/2021,2:02:43 PM,"James, Nick",1000074309,Left,NOR_TAR2,,Fastball,Live,,85.67324,-0.42161,2.84483,1781.00765,136.43245,10:30,4.24087,-1.75077,4.65448,-24.21568,15.6911,-14.95719,1.82188,-0.2925,77.95939,-4.87459,0.08975,0.45467,8.53465,8.22381,1.4735,50,4.17642,-5.61263,-124.30476,-1.82957,13.32337,25.44509,-19.33594,466ba21a-6854-4a2a-889c-bd46d8f47883,df50127f-598b-4af6-a241-2001d2954f9c,82.90095,Pitch,21380013,,,,,,,,,,,,,,,,,,
65,10/13/2021,2:03:02 PM,"James, Nick",1000074309,Left,NOR_TAR2,,Slider,Live,,77.56124,-0.61522,1.91782,1931.2156,190.94151,12:15,4.16549,-1.8531,4.74547,-36.94202,11.60221,2.25076,0.50318,0.15395,70.8964,-7.39593,2.33324,0.50146,-0.61024,6.19274,1.65848,50,4.072,-3.84643,-112.60534,-2.4551,-0.78025,21.24853,-24.25607,b88b3da5-d837-4e8c-8278-1f251547c3ea,df50127f-598b-4af6-a241-2001d2954f9c,75.16472,Pitch,21380013,,,,,,,,,,,,,,,,,,
66,10/13/2021,2:03:19 PM,"James, Nick",1000074309,Left,NOR_TAR2,,Slider,Live,,78.90281,-0.63679,2.12763,1869.86924,194.00115,12:30,4.12178,-1.85797,4.69898,-37.20816,9.13,2.28618,0.41622,0.35299,73.20632,-7.40637,2.54585,0.48994,-0.65658,4.86176,1.64044,50,4.02448,-4.34061,-114.68403,-2.57692,-0.88453,18.91832,-25.62439,dd14d447-1ae5-4268-af10-32d17b788f0e,df50127f-598b-4af6-a241-2001d2954f9c,76.93314,Pitch,21380013,,,,,,,,,,,,,,,,,,
67,10/13/2021,2:04:48 PM,"James, Nick",1000074309,Left,NOR_TAR2,,Fastball,Live,,86.5008,-1.39873,2.33132,1648.56493,150.49659,11:00,4.19582,-1.88611,4.68031,-20.81734,18.11199,-10.26709,1.13157,-0.52686,79.12747,-5.21595,0.44345,0.44907,5.93243,9.73004,1.65821,50,4.0353,-4.72107,-125.57885,-3.86255,9.49681,24.84143,-16.59791,8c6fd913-3aa0-4f13-a22f-0867f804af6e,df50127f-598b-4af6-a241-2001d2954f9c,83.93524,Pitch,21380013,,,,,,,,,,,,,,,,,,
68,10/13/2021,2:05:04 PM,"James, Nick",1000074309,Left,NOR_TAR2,,Fastball,Live,,87.21513,-0.61794,1.84819,1536.46226,152.85846,11:00,4.2082,-1.79263,4.57776,-19.99696,18.38315,-9.44039,1.95361,-0.82053,79.75043,-4.28195,0.11548,0.44589,5.35286,9.62142,1.6101,50,4.12614,-3.7192,-126.67228,-2.14708,8.72448,25.12063,-16.49237,08d41000-7752-4a57-afb5-5c712d1ca973,df50127f-598b-4af6-a241-2001d2954f9c,84.53368,Pitch,21380013,,,,,,,,,,,,,,,,,,
69,10/13/2021,2:05:19 PM,"James, Nick",1000074309,Left,NOR_TAR2,,Slider,Live,,79.22376,-1.1131,2.85458,1874.90857,191.18539,12:15,4.15421,-1.97169,4.76152,-36.10913,10.51135,2.08619,0.08835,0.91082,72.39759,-7.73424,3.23939,0.49143,-0.24483,5.78006,1.68377,50,4.0118,-5.80173,-114.91827,-3.474,-0.32567,22.34242,-24.48524,10b313d9-c855-4409-af4a-400a7d0a48f1,df50127f-598b-4af6-a241-2001d2954f9c,76.69984,Pitch,21380013,,,,,,,,,,,,,,,,,,
70,10/13/2021,2:05:38 PM,"James, Nick",1000074309,Left,NOR_TAR2,,Slider,Live,,79.57596,-0.74562,1.71733,1895.39041,188.15771,12:15,4.15575,-2.07426,4.81126,-31.31594,14.14333,2.03284,0.83947,-0.27767,73.49161,-6.47173,2.09067,0.48527,-0.61782,7.51263,1.90198,50,4.05511,-3.53872,-115.67814,-2.59155,-0.84442,19.82312,-21.90593,3097886d-37d8-42de-876d-6344b7795533,df50127f-598b-4af6-a241-2001d2954f9c,77.67328,Pitch,21380013,,,,,,,,,,,,,,,,,,
71,10/13/2021,2:06:21 PM,"James, Nick",1000074309,Left,NOR_TAR2,,Fastball,Live,,88.44853,-0.85149,2.83432,1830.29348,140.81749,10:45,4.17696,-1.70818,4.72646,-21.26612,15.93196,-13.011,1.59592,-0.1013,80.80853,-4.75847,0.44013,0.43897,7.50073,8.47157,1.43361,50,4.07261,-5.85231,-128.38417,-2.73387,12.54446,26.07103,-18.00594,4b51b52d-01cd-4db6-a483-9033b291e766,df50127f-598b-4af6-a241-2001d2954f9c,85.86627,Pitch,21380013,,,,,,,,,,,,,,,,,,
